source_id,gold_ids
05eff69f-d3b5-4a7e-94b8-635b692fc960,FOODON:03306255
08987613-d2b8-4c1f-8d7c-2eee5321e69b,FOODON:03305236
0ec49b0b-92f6-4fd2-9061-6b7af61679ec,FOODON:00002578
12eb61e2-a0a3-462e-a4bb-df71db929827,FOODON:00003462|FOODON:03540784
12fb8310-3bac-4d72-84b3-ad8bde291e80,FOODON:03306867
18c95372-8d42-4c37-bfbc-10c145b0db53,FOODON:03316438
1c451c86-4fa6-4c61-bc76-79c4f62af729,FOODON:03543264
1c83801f-2c74-419c-a446-415fd753e772,FOODON:03401859
20890bae-81f7-4a78-87f9-7346251bc35f,FOODON:03309855
25a60898-33e3-4c39-886d-0ef8c7f10eac,FOODON:03541797|FOODON:03301756
2ab819d8-9812-4b8d-aecf-3001778f6404,
36cd59b1-041c-4e9c-8960-0ee23e5430d6,FOODON:03302033
3864349d-ca1b-4bcb-b799-64f50a0503fb,FOODON:03540134
4563c09d-928e-4ab3-8452-b058c9b1f693,FOODON:03315855
47f08b9e-1b3b-41f0-8784-a24b3c5cb5e5,FOODON:00003277|FOODON:03543741
53a2eaf4-e927-4be2-adb7-dbdcc0388d12,FOODON:02020157
573a342e-0311-4eea-a4ec-06aedbc90b75,FOODON:03541264|FOODON:03301173
5a417ae3-af0e-4573-a0a7-c3493fd13225,FOODON:03543045
5f423043-20de-43c7-b6fb-510f21ac231a,FOODON:03307299
79d45e45-f3e6-4d19-9fc6-cd5c0edd3586,FOODON:03309257|FOODON:03309117
88fda400-3cf7-4b02-882c-d45e08513941,
92772bbc-15fc-4d89-b7af-87552b17fc49,FOODON:00003155
96f8e027-d818-4d10-9492-8362f85dee1b,FOODON:03301710
99b4d636-ce91-491a-9cda-fe771241efce,FOODON:03302492|FOODON:03540078
9fab4b7f-f8d7-4aac-90c8-714b7277fae5,FOODON:03305392
a3aa3cea-8e1f-4bdf-85eb-c7044ddd7dcf,FOODON:03540510|FOODON:00003837
a51ae022-afaa-44db-9844-dc586a7bb4ee,FOODON:03311691
a554aa1a-6c03-4eff-8d92-97e8d2fc64b8,FOODON:03301214
ad27afe1-4ae9-48ff-b0a3-056f361c0cb9,FOODON:03541263
bfde6a64-cf23-47fc-871e-ce6084418818,FOODON:03308034
d6b53c23-5369-4aab-862c-1ae17151aa32,FOODON:03303027
db090952-e03f-4b03-8600-4dd0be1eddc5,FOODON:03315424|FOODON:03544082
e1a4d285-f1fa-4f69-bdf3-aa357bf240d9,FOODON:03401721
e2542c00-7c9c-45ba-ab21-39434eb897ad,FOODON:03311404|FOODON:02021311
e8b1fc08-9c00-4f39-bc45-e0476d3cae0d,FOODON:02000240
eb450cb4-74d1-4710-8701-29d5e079d994,FOODON:03542613
ec3c71a3-6229-4bd6-ad5b-c68735bfd83e,FOODON:03317119
f6db8ba8-4c50-4fdf-98e6-49e1a6bca74f,FOODON:03307242|FOODON:00003693
f8d12b2d-815a-4b75-922a-cb50cbc7e13a,FOODON:03301452
