id	label	synonyms	definition	organism	tax_id
NCBIGene:1	A1BG	A1B|ABG|GAB|HYST2477	alpha-1-B glycoprotein	Homo sapiens	9606
NCBIGene:10	NAT2	AAC2|NAT-2|PNAT	N-acetyltransferase 2	Homo sapiens	9606
NCBIGene:100	ADA	ADA1	adenosine deaminase	Homo sapiens	9606
NCBIGene:1000	CDH2	ACOGS|ADHD8|ARVD14|CD325|CDHN|CDw325|NCAD	cadherin 2	Homo sapiens	9606
NCBIGene:10000	AKT3	MPPH|MPPH2|PKB-GAMMA|PKBG|PRKBG|RAC-PK-gamma|RAC-gamma|STK-2	AKT serine/threonine kinase 3	Homo sapiens	9606
NCBIGene:100008564	Gm14018	Wdr76p	WD repeat domain 76 pseudogene	Mus musculus	10090
NCBIGene:100008567	Gm14964		predicted gene 14964	Mus musculus	10090
NCBIGene:100008586	GAGE12F	AL4|CT4.7|GAGE-7|GAGE-7B|GAGE-8|GAGE7|GAGE7B	G antigen 12F	Homo sapiens	9606
NCBIGene:100008587	RNA5-8SN5	RN5-8S1|RNA5-8S5	RNA, 5.8S ribosomal N5	Homo sapiens	9606
NCBIGene:100008588	RNA18SN5	RN18S1|RNA18S5	RNA, 18S ribosomal N5	Homo sapiens	9606
NCBIGene:100008589	RNA28SN5	RN28S1|RNA28S5	RNA, 28S ribosomal N5	Homo sapiens	9606
NCBIGene:100009600	Zglp1	Glp1	zinc finger, GATA-like protein 1	Mus musculus	10090
NCBIGene:100009601	TRY-GTA7-1	TRNAY1|Tyr-tRNA	tRNA-Tyr (anticodon GTA) 7-1	Homo sapiens	9606
NCBIGene:100009602	TRY-GTA5-4	TRNAY2|TRY-GTA5-2|Tyr-tRNA	tRNA-Tyr (anticodon GTA) 5-4	Homo sapiens	9606
NCBIGene:100009603	TRA-AGC11-1	TRNAA2	tRNA-Ala (anticodon AGC) 11-1	Homo sapiens	9606
NCBIGene:100009604	TRA-AGC8-1	TRNAA3	tRNA-Ala (anticodon AGC) 8-1	Homo sapiens	9606
NCBIGene:100009605	TRF-GAA2-1	TRNAF1	tRNA-Phe (anticodon GAA) 2-1	Homo sapiens	9606
NCBIGene:100009606	TRF-GAA1-4	TRF-GAA1-2|TRNAF2	tRNA-Phe (anticodon GAA) 1-4	Homo sapiens	9606
NCBIGene:100009607	TRH-GTG1-6	TRH-GTG1-9|TRNAH5	tRNA-His (anticodon GTG) 1-6	Homo sapiens	9606
NCBIGene:100009609	Vmn2r65	V2ro	vomeronasal 2, receptor 65	Mus musculus	10090
NCBIGene:100009613	LINC02584	ANO1-AS2|C11orf78|NCRNA00224	long intergenic non-protein coding RNA 2584	Homo sapiens	9606
NCBIGene:100009614	Krtap12-22	Gm10024	keratin associated protein 12-22	Mus musculus	10090
NCBIGene:100009664	F630206G17Rik		RIKEN cDNA F630206G17 gene	Mus musculus	10090
NCBIGene:100009667	POU5F1P5	Oct4-pg5	POU class 5 homeobox 1 pseudogene 5	Homo sapiens	9606
NCBIGene:100009668	POU5F1P6		POU class 5 homeobox 1 pseudogene 6	Homo sapiens	9606
NCBIGene:100009669	POU5F1P7		POU class 5 homeobox 1 pseudogene 7	Homo sapiens	9606
NCBIGene:100009671	IRX4P1		iroquois homeobox 4 pseudogene 1	Homo sapiens	9606
NCBIGene:100009675	MRT4		mental retardation, non-syndromic, autosomal recessive, 4	Homo sapiens	9606
NCBIGene:100009676	ZBTB11-AS1		ZBTB11 antisense RNA 1	Homo sapiens	9606
NCBIGene:100009698	Gm14504		pyruvate kinase, muscle pseudogene	Mus musculus	10090
NCBIGene:10001	MED6	ARC33|NY-REN-28	mediator complex subunit 6	Homo sapiens	9606
NCBIGene:100010	AA589556		expressed sequence AA589556	Mus musculus	10090
NCBIGene:100012	Oog3		oogenesin 3	Mus musculus	10090
NCBIGene:100014	AA673240		expressed sequence AA673240	Mus musculus	10090
NCBIGene:100015211	Notumos	4732444A12Rik	notum palmitoleoyl-protein carboxylesterase, opposite strand	Mus musculus	10090
NCBIGene:100017	Ldlrap1	ARH2|Arh|Arh1|FHCB1|FHCB2	low density lipoprotein receptor adaptor protein 1	Mus musculus	10090
NCBIGene:100019	Mdn1	4833432B22Rik|A130070M06|D4Abb1e|Gm135	midasin AAA ATPase 1	Mus musculus	10090
NCBIGene:10002	NR2E3	ESCS|ESCS1|PNR|RNR|RP37|rd7	nuclear receptor subfamily 2 group E member 3	Homo sapiens	9606
NCBIGene:10003	NAALAD2	GCP3|GCPIII|GPCIII	N-acetylated alpha-linked acidic dipeptidase 2	Homo sapiens	9606
NCBIGene:100032	AI115522		expressed sequence AI115522	Mus musculus	10090
NCBIGene:100033391	VN2R2P		vomeronasal 2 receptor 2 pseudogene	Homo sapiens	9606
NCBIGene:100033392	VN2R3P	VN2R4P|VN2R5P|VN2R8P	vomeronasal 2 receptor 3, pseudogene	Homo sapiens	9606
NCBIGene:100033395	VN2R6P		vomeronasal 2 receptor 6 pseudogene	Homo sapiens	9606
NCBIGene:100033396	VN2R7P		vomeronasal 2 receptor 7 pseudogene	Homo sapiens	9606
NCBIGene:100033398	VN2R10P		vomeronasal 2 receptor 10, pseudogene	Homo sapiens	9606
NCBIGene:100033399	VN2R11P		vomeronasal 2 receptor 11 pseudogene	Homo sapiens	9606
NCBIGene:100033400	VN2R12P		vomeronasal 2 receptor 12 pseudogene	Homo sapiens	9606
NCBIGene:100033401	VN2R13P		vomeronasal 2 receptor 13 pseudogene	Homo sapiens	9606
NCBIGene:100033402	VN2R14P		vomeronasal 2 receptor 14 pseudogene	Homo sapiens	9606
NCBIGene:100033403	VN2R15P		vomeronasal 2 receptor 15 pseudogene	Homo sapiens	9606
NCBIGene:100033404	VN2R16P		vomeronasal 2 receptor 16 pseudogene	Homo sapiens	9606
NCBIGene:100033406	VN2R18P		vomeronasal 2 receptor 18 pseudogene	Homo sapiens	9606
NCBIGene:100033407	VN2R19P		vomeronasal 2 receptor 19, pseudogene	Homo sapiens	9606
NCBIGene:100033408	VN2R20P		vomeronasal 2 receptor 20 pseudogene	Homo sapiens	9606
NCBIGene:100033409	OTX2P1	OTX2P	OTX2 pseudogene 1	Homo sapiens	9606
NCBIGene:100033411	DUXB		double homeobox B	Homo sapiens	9606
NCBIGene:100033413	SNORD116-1	HBII-85-1|PWCR1	small nucleolar RNA, C/D box 116-1	Homo sapiens	9606
NCBIGene:100033414	SNORD116-2	HBII-85-2	small nucleolar RNA, C/D box 116-2	Homo sapiens	9606
NCBIGene:100033415	SNORD116-3	HBII-85-3	small nucleolar RNA, C/D box 116-3	Homo sapiens	9606
NCBIGene:100033416	SNORD116-4	HBII-85-4	small nucleolar RNA, C/D box 116-4	Homo sapiens	9606
NCBIGene:100033417	SNORD116-5	HBII-85-5	small nucleolar RNA, C/D box 116-5	Homo sapiens	9606
NCBIGene:100033418	SNORD116-6	HBII-85-6	small nucleolar RNA, C/D box 116-6	Homo sapiens	9606
NCBIGene:100033419	SNORD116-7	HBII-85-7	small nucleolar RNA, C/D box 116-7	Homo sapiens	9606
NCBIGene:100033420	SNORD116-8	HBII-85-8	small nucleolar RNA, C/D box 116-8	Homo sapiens	9606
NCBIGene:100033421	SNORD116-9	HBII-85-9	small nucleolar RNA, C/D box 116-9	Homo sapiens	9606
NCBIGene:100033422	SNORD116-10	HBII-85-10	small nucleolar RNA, C/D box 116-10	Homo sapiens	9606
NCBIGene:100033423	SNORD116-11	HBII-85-11	small nucleolar RNA, C/D box 116-11	Homo sapiens	9606
NCBIGene:100033424	SNORD116-12	HBII-85-12	small nucleolar RNA, C/D box 116-12	Homo sapiens	9606
NCBIGene:100033425	SNORD116-13	HBII-85-13	small nucleolar RNA, C/D box 116-13	Homo sapiens	9606
NCBIGene:100033426	SNORD116-14	HBII-85-14	small nucleolar RNA, C/D box 116-14	Homo sapiens	9606
NCBIGene:100033427	SNORD116-15	HBII-85-15	small nucleolar RNA, C/D box 116-15	Homo sapiens	9606
NCBIGene:100033428	SNORD116-16	HBII-85-16	small nucleolar RNA, C/D box 116-16	Homo sapiens	9606
NCBIGene:100033429	SNORD116-17	HBII-85-17	small nucleolar RNA, C/D box 116-17	Homo sapiens	9606
NCBIGene:100033430	SNORD116-18	HBII-85-18	small nucleolar RNA, C/D box 116-18	Homo sapiens	9606
NCBIGene:100033431	SNORD116-20	HBII-85-20	small nucleolar RNA, C/D box 116-20	Homo sapiens	9606
NCBIGene:100033432	SNORD116-21	HBII-85-21	small nucleolar RNA, C/D box 116-21	Homo sapiens	9606
NCBIGene:100033433	SNORD116-22	HBII-85-22	small nucleolar RNA, C/D box 116-22	Homo sapiens	9606
NCBIGene:100033434	SNORD116-23	HBII-85-23	small nucleolar RNA, C/D box 116-23	Homo sapiens	9606
NCBIGene:100033435	SNORD116-24	HBII-85-24	small nucleolar RNA, C/D box 116-24	Homo sapiens	9606
NCBIGene:100033436	SNORD116-25	HBII-85-25	small nucleolar RNA, C/D box 116-25	Homo sapiens	9606
NCBIGene:100033437	SNORD115-2	HBII-52-2	small nucleolar RNA, C/D box 115-2	Homo sapiens	9606
NCBIGene:100033438	SNORD116-26	HBII-85-26	small nucleolar RNA, C/D box 116-26	Homo sapiens	9606
NCBIGene:100033439	SNORD116-27	HBII-85-27	small nucleolar RNA, C/D box 116-27	Homo sapiens	9606
NCBIGene:100033440	SNORD115-3	HBII-52-3	small nucleolar RNA, C/D box 115-3	Homo sapiens	9606
NCBIGene:100033441	SNORD115-4	HBII-52-4	small nucleolar RNA, C/D box 115-4	Homo sapiens	9606
NCBIGene:100033442	SNORD115-5	HBII-52-5	small nucleolar RNA, C/D box 115-5	Homo sapiens	9606
NCBIGene:100033443	SNORD115-6	HBII-52-6	small nucleolar RNA, C/D box 115-6	Homo sapiens	9606
NCBIGene:100033444	SNORD115-7	HBII-52-7	small nucleolar RNA, C/D box 115-7	Homo sapiens	9606
NCBIGene:100033445	SNORD115-8	HBII-52-8	small nucleolar RNA, C/D box 115-8	Homo sapiens	9606
NCBIGene:100033446	SNORD115-9	HBII-52-9	small nucleolar RNA, C/D box 115-9	Homo sapiens	9606
NCBIGene:100033447	SNORD115-10	HBII-52-10	small nucleolar RNA, C/D box 115-10	Homo sapiens	9606
NCBIGene:100033448	SNORD115-11	HBII-52-11	small nucleolar RNA, C/D box 115-11	Homo sapiens	9606
NCBIGene:100033449	SNORD115-12	HBII-52-12	small nucleolar RNA, C/D box 115-12	Homo sapiens	9606
NCBIGene:100033450	SNORD115-13	HBII-52-13	small nucleolar RNA, C/D box 115-13	Homo sapiens	9606
NCBIGene:100033451	SNORD115-14	HBII-52-14	small nucleolar RNA, C/D box 115-14	Homo sapiens	9606
NCBIGene:100033452	Gm13394		glyceraldehyde-3-phosphate dehydrogenase pseudogene	Mus musculus	10090
NCBIGene:100033453	SNORD115-15	HBII-52-15	small nucleolar RNA, C/D box 115-15	Homo sapiens	9606
NCBIGene:100033454	SNORD115-16	HBII-52-16	small nucleolar RNA, C/D box 115-16	Homo sapiens	9606
NCBIGene:100033455	SNORD115-17	HBII-52-17	small nucleolar RNA, C/D box 115-17	Homo sapiens	9606
NCBIGene:100033456	SNORD115-18	HBII-52-18	small nucleolar RNA, C/D box 115-18	Homo sapiens	9606
NCBIGene:100033458	SNORD115-19	HBII-52-19	small nucleolar RNA, C/D box 115-19	Homo sapiens	9606
NCBIGene:100033459	Ifi208	9830148g24rik|E430029J22Rik|NG2creBAC|Pydc3|Pyr-rv1|Tg(Cspg4-cre)1Akik	interferon activated gene 208	Mus musculus	10090
NCBIGene:100033460	SNORD115-20	HBII-52-20	small nucleolar RNA, C/D box 115-20	Homo sapiens	9606
NCBIGene:100033603	SNORD115-21	HBII-52-21	small nucleolar RNA, C/D box 115-21	Homo sapiens	9606
NCBIGene:100033799	SNORD115-22	HBII-52-22	small nucleolar RNA, C/D box 115-22	Homo sapiens	9606
NCBIGene:100033800	SNORD115-23	HBII-52-23	small nucleolar RNA, C/D box 115-23	Homo sapiens	9606
NCBIGene:100033801	SNORD115-25	HBII-52-25	small nucleolar RNA, C/D box 115-25	Homo sapiens	9606
NCBIGene:100033802	SNORD115-26	HBII-52-26	small nucleolar RNA, C/D box 115-26	Homo sapiens	9606
NCBIGene:100033803	SNORD115-29	HBII-52-29	small nucleolar RNA, C/D box 115-29	Homo sapiens	9606
NCBIGene:100033804	SNORD115-30	HBII-52-30	small nucleolar RNA, C/D box 115-30	Homo sapiens	9606
NCBIGene:100033805	SNORD115-31	HBII-52-31	small nucleolar RNA, C/D box 115-31	Homo sapiens	9606
NCBIGene:100033806	SNORD115-32	HBII-52-32	small nucleolar RNA, C/D box 115-32	Homo sapiens	9606
NCBIGene:100033807	SNORD115-33	HBII-52-33	small nucleolar RNA, C/D box 115-33	Homo sapiens	9606
NCBIGene:100033808	SNORD115-34	HBII-52-34	small nucleolar RNA, C/D box 115-34	Homo sapiens	9606
NCBIGene:100033809	SNORD115-35	HBII-52-35	small nucleolar RNA, C/D box 115-35	Homo sapiens	9606
NCBIGene:100033810	SNORD115-36	HBII-52-36	small nucleolar RNA, C/D box 115-36	Homo sapiens	9606
NCBIGene:100033811	SNORD115-37	HBII-52-37	small nucleolar RNA, C/D box 115-37	Homo sapiens	9606
NCBIGene:100033812	SNORD115-38	HBII-52-38	small nucleolar RNA, C/D box 115-38	Homo sapiens	9606
NCBIGene:100033813	SNORD115-39	HBII-52-39	small nucleolar RNA, C/D box 115-39	Homo sapiens	9606
NCBIGene:100033814	SNORD115-40	HBII-52-40	small nucleolar RNA, C/D box 115-40	Homo sapiens	9606
NCBIGene:100033815	SNORD115-41	HBII-52-41	small nucleolar RNA, C/D box 115-41	Homo sapiens	9606
NCBIGene:100033816	SNORD115-42	HBII-52-42	small nucleolar RNA, C/D box 115-42	Homo sapiens	9606
NCBIGene:100033817	SNORD115-43	HBII-52-43	small nucleolar RNA, C/D box 115-43	Homo sapiens	9606
NCBIGene:100033818	SNORD115-44	HBII-52-44	small nucleolar RNA, C/D box 115-44	Homo sapiens	9606
NCBIGene:100033819	MIR675	MIRN675|hsa-mir-675	microRNA 675	Homo sapiens	9606
NCBIGene:100033820	SNORD116-28	HBII-85-28	small nucleolar RNA, C/D box 116-28	Homo sapiens	9606
NCBIGene:100033821	SNORD116-29	HBII-85-29	small nucleolar RNA, C/D box 116-29	Homo sapiens	9606
NCBIGene:100033822	SNORD115-48	HBII-52-48	small nucleolar RNA, C/D box 115-48	Homo sapiens	9606
NCBIGene:100034	AI115610		expressed sequence AI115610	Mus musculus	10090
NCBIGene:100034251	Wfdc17	Amwap|Gm11428	WAP four-disulfide core domain 17	Mus musculus	10090
NCBIGene:100034253	Gnl3l		G protein nucleolar 3 like	Rattus norvegicus	10116
NCBIGene:100034360	9330171B17Rik		RIKEN cDNA 9330171B17 gene	Mus musculus	10090
NCBIGene:100034361	Mfap1b	Mfap1a	microfibrillar-associated protein 1B	Mus musculus	10090
NCBIGene:100034363	Tmsb15b2	Tb15c	thymosin beta 15b2	Mus musculus	10090
NCBIGene:100034661	Gm12802		predicted gene 12802	Mus musculus	10090
NCBIGene:100034662	Gm1969		vacuole membrane protein 1 pseudogene	Mus musculus	10090
NCBIGene:100034675	Gm11335	1700024h08rik	predicted gene 11335	Mus musculus	10090
NCBIGene:100034684	Cstdc5		cystatin domain containing 5	Mus musculus	10090
NCBIGene:100034700	AA1		Alopecia areata 1	Homo sapiens	9606
NCBIGene:100034703	AA2		Alopecia areata 2	Homo sapiens	9606
NCBIGene:100034724	Rpl15-ps3	Gm15505	ribosomal protein L15, pseudogene 3	Mus musculus	10090
NCBIGene:100034726	Gm15772	Rpl26|SIG-20	ribosomal protein L26 pseudogene	Mus musculus	10090
NCBIGene:100034727	Rps12-ps3	Gm10195	ribosomal protein S12, pseudogene 3	Mus musculus	10090
NCBIGene:100034728	Rps12-ps4	Gm1970	ribosomal protein S12, pseudogene 4	Mus musculus	10090
NCBIGene:100034729	Gm15114	Ott-like	predicted gene 15114	Mus musculus	10090
NCBIGene:100034733	2610305J24Rik		RIKEN cDNA 2610305J24 gene	Mus musculus	10090
NCBIGene:100034739	Gm17762		predicted gene, 17762	Mus musculus	10090
NCBIGene:100034743	PDZK1P1	PDZK1P2	PDZ domain containing 1 pseudogene 1	Homo sapiens	9606
NCBIGene:100034748	Prr35	A93001711Rik|A930017K11Rik	proline rich 35	Mus musculus	10090
NCBIGene:100034757	Trmq1		T cell ratio modifier QTL 1	Mus musculus	10090
NCBIGene:100034758	Bpq7		blood pressure QTL 7	Mus musculus	10090
NCBIGene:100034759	Mom3		modifier of Min 3	Mus musculus	10090
NCBIGene:100034760	Ses3		salmonella enteritidis susceptibility 3	Mus musculus	10090
NCBIGene:100034761	Mnif2		macronutrient intake, fat 2	Mus musculus	10090
NCBIGene:100034762	Kcal1		kilocalorie 1	Mus musculus	10090
NCBIGene:100034763	Mnif3		macronutrient intake, fat 3	Mus musculus	10090
NCBIGene:100034764	Cdcs9		cytokine deficiency colitis susceptibility 9	Mus musculus	10090
NCBIGene:100034766	Ssial2		susceptibility to sialadenitis 2	Mus musculus	10090
NCBIGene:100034767	Gvhd4		graft-versus host disease 4	Mus musculus	10090
NCBIGene:100034768	Tcsz2	QTL-CS7.2	tooth central size 2	Mus musculus	10090
NCBIGene:100034769	Tcsz3	QTL-CS14.1	tooth central size 3	Mus musculus	10090
NCBIGene:100034770	Tshp2	QTL-TSH1.2	tooth shape 2	Mus musculus	10090
NCBIGene:100034771	Tshp9	QTL-TSH11.1	tooth shape 9	Mus musculus	10090
NCBIGene:100034772	Tshp10	QTL-TSH11.2	tooth shape 10	Mus musculus	10090
NCBIGene:100034773	Tshp12	QTL-TSH12.2	tooth shape 12	Mus musculus	10090
NCBIGene:100034774	Tshp15	QTL-TSH15.1	tooth shape 15	Mus musculus	10090
NCBIGene:100034775	Tshp17	QTL-TSH16.1	tooth shape 17	Mus musculus	10090
NCBIGene:100034776	Tshp18	QTL-TSH18.1	tooth shape 18	Mus musculus	10090
NCBIGene:100034778	Paam2		progression of autoimmune arthritis in MRL mice 2	Mus musculus	10090
NCBIGene:100034779	Sluc18		susceptibility to lung cancer 18	Mus musculus	10090
NCBIGene:100034780	Sluc25		susceptibility to lung cancer 25	Mus musculus	10090
NCBIGene:100034781	Kcal3		kilocalorie 3	Mus musculus	10090
NCBIGene:100034782	Krcn1	Krcn	keratoconus 1	Mus musculus	10090
NCBIGene:100034783	Nidds	Nidd/SJL	non-insulin-dependent diabetes mellitus in SJL	Mus musculus	10090
NCBIGene:100034784	Hrtfm2	Hfm2	heart failure modifier 2	Mus musculus	10090
NCBIGene:100034785	Bmd16		bone mineral density 16	Mus musculus	10090
NCBIGene:100034786	Bwq5		body weight, QTL 5	Mus musculus	10090
NCBIGene:11497	Adam3	Cyrn1|Taz83|tMDC	ADAM metallopeptidase domain 3	Mus musculus	10090
NCBIGene:12159	Bmp4	Bmp-4|Bmp2b|Bmp2b-1|Bmp2b1	bone morphogenetic protein 4	Mus musculus	10090
NCBIGene:12652	Chga	ChrA|cgA	chromogranin A	Mus musculus	10090
NCBIGene:13166	Dbh		dopamine beta hydroxylase	Mus musculus	10090
NCBIGene:14461	Gata2	Gata-2	GATA binding protein 2	Mus musculus	10090
NCBIGene:14462	Gata3	Gata-3|jal	GATA binding protein 3	Mus musculus	10090
NCBIGene:15110	Hand1	Ehand1|Hxt|Th1|Thing1|bHLHa27|eHAND	heart and neural crest derivatives expressed 1	Mus musculus	10090
NCBIGene:15111	Hand2	Ehand2|Hed|Th2|Thing2|bHLHa26|dHAND	heart and neural crest derivatives expressed 2	Mus musculus	10090
NCBIGene:16392	Isl1		ISL1 transcription factor, LIM/homeodomain	Mus musculus	10090
NCBIGene:17125	Smad1	Mad1|Madh1|Madr1|Mlp1|MusMLP|dwf-A|mMad1	SMAD family member 1	Mus musculus	10090
NCBIGene:17129	Smad5	1110051M15Rik|Dwf-C|Madh5|MusMLP	SMAD family member 5	Mus musculus	10090
NCBIGene:17172	Ascl1	ASH1|Mash1|bHLHa46	achaete-scute family bHLH transcription factor 1	Mus musculus	10090
NCBIGene:18211	Ntrk1	Tkr|TrkA|trk	neurotrophic tyrosine kinase, receptor, type 1	Mus musculus	10090
NCBIGene:18935	Phox2b	Dilp1|NBPhox|Pmx2b|Px2b	paired-like homeobox 2b	Mus musculus	10090
NCBIGene:18948	Pnmt	Pent	phenylethanolamine-N-methyltransferase	Mus musculus	10090
NCBIGene:21419	Tfap2b	AP-2(beta)|AP2-beta|E130018K07Rik|Tcfap2b	transcription factor AP-2 beta	Mus musculus	10090
NCBIGene:21823	Th		tyrosine hydroxylase	Mus musculus	10090
NCBIGene:22408	Wnt1	Int-1|Wnt-1|sw|swaying	wingless-type MMTV integration site family, member 1	Mus musculus	10090
NCBIGene:238406	Adam6a	Adam6|tMDCIV	a disintegrin and metallopeptidase domain 6A	Mus musculus	10090
NCBIGene:53626	Insm1	IA-1	insulinoma-associated 1	Mus musculus	10090
NCBIGene:55994	Smad9	MADH6|Madh8|Madh9|Smad8	SMAD family member 9	Mus musculus	10090
NCBIGene:75019	Rnase10	4930474F22Rik|Rah1	ribonuclease, RNase A family, 10 (non-active)	Mus musculus	10090
NCBIGene:90624	LYRM7	C5orf31|MC3DN8|MZM1L	LYR motif containing 7	Homo sapiens	9606
