source_id,gold_ids
cafeteria_fcd-T1,FOODON:03301889|FOODON:00001013
cafeteria_fcd-T2,FOODON:03301704
cafeteria_fcd-T3,FOODON:03305003|FOODON:03311146
cafeteria_fcd-T4,FOODON:00001013
cafeteria_fcd-T5,FOODON:03303578|FOODON:00001013
cafeteria_fcd-T6,FOODON:00003247|FOODON:00001013
cafeteria_fcd-T7,FOODON:03301440
cafeteria_fcd-T8,FOODON:03307668
cafeteria_fcd-T9,FOODON:00002340
cafeteria_fcd-T10,FOODON:03305208|FOODON:00003582
cafeteria_fcd-T11,FOODON:03302916|FOODON:00001013
cafeteria_fcd-T12,FOODON:03302916
cafeteria_fcd-T13,FOODON:03310387
cafeteria_fcd-T14,FOODON:00003855
cafeteria_fcd-T15,FOODON:03305428|FOODON:03301441|FOODON:03315552
cafeteria_fcd-T16,FOODON:03301826|FOODON:03317509|FOODON:03315145|FOODON:03310387
cafeteria_fcd-T17,FOODON:00002212
cafeteria_fcd-T18,FOODON:00003049
cafeteria_fcd-T19,FOODON:03411457
cafeteria_fcd-T20,FOODON:03311146
cafeteria_fcd-T21,FOODON:00002713|FOODON:00003024|FOODON:03311872|FOODON:00003396
cafeteria_fcd-T22,FOODON:03305263|FOODON:00003816|FOODON:03310387
cafeteria_fcd-T23,FOODON:03307668
cafeteria_fcd-T24,FOODON:00001290|FOODON:03316042|FOODON:03315498
cafeteria_fcd-T25,FOODON:03302458|FOODON:00001013
cafeteria_fcd-T26,FOODON:03301641
cafeteria_fcd-T27,FOODON:00002713|FOODON:03411669
cafeteria_fcd-T28,FOODON:00002667|FOODON:03301554
cafeteria_fcd-T29,FOODON:00003520|FOODON:03309928|FOODON:00003013|FOODON:00001649
cafeteria_fcd-T30,FOODON:00003417|FOODON:03301123
cafeteria_fcd-T31,FOODON:03302034|FOODON:03317254|FOODON:03306696|FOODON:03315552
cafeteria_fcd-T32,FOODON:03420156|FOODON:03420108
cafeteria_fcd-T33,FOODON:03301705
cafeteria_fcd-T34,FOODON:00001745
cafeteria_fcd-T35,FOODON:03301224|FOODON:03301175
cafeteria_fcd-T36,FOODON:03412974
cafeteria_fcd-T37,FOODON:00001181
cafeteria_fcd-T38,FOODON:03316764|FOODON:03411355|FOODON:00002328
cafeteria_fcd-T39,FOODON:03420157|FOODON:03420108
cafeteria_fcd-T40,FOODON:03301175
cafeteria_fcd-T41,FOODON:00003523|FOODON:03301355
cafeteria_fcd-T42,FOODON:00003016|FOODON:03315106|FOODON:00003520|FOODON:03309928|FOODON:00003013|FOODON:00001649
cafeteria_fcd-T43,FOODON:00003494|FOODON:00003520|FOODON:03309928|FOODON:00003013|FOODON:00001649
cafeteria_fcd-T44,FOODON:03301704
cafeteria_fcd-T45,FOODON:03306160|FOODON:03305086|FOODON:00003661|FOODON:03315552
cafeteria_fcd-T46,FOODON:00001956|FOODON:00003520|FOODON:03309928|FOODON:00003013|FOODON:00001649
cafeteria_fcd-T47,FOODON:03301326|FOODON:00003406
cafeteria_fcd-T48,FOODON:03306726|FOODON:00003520|FOODON:03309928|FOODON:00003013|FOODON:00001649
cafeteria_fcd-T49,FOODON:03310943
cafeteria_fcd-T50,FOODON:03301116
