id	label	synonyms	definition
MESH:C000720973	mycotoxic lupinosis	lupinopsis|mycotoxin lupinopsis	
MESH:C535306	2-Hydroxyglutaricaciduria	2-Hga|2-Hydroxyglutaric Aciduria|Combined D-2- and L-2-hydroxyglutaric aciduria|D-2-HGA|D2HGA|D2HGA1|D2HGA2|D-2-Hydroxyglutaric Acidemia|D-2-hydroxyglutaric aciduria|D-2-HYDROXYGLUTARIC ACIDURIA 1|D-2-HYDROXYGLUTARIC ACIDURIA 2|D-2-hydroxyglutaric and L-2-hydroxyglutaric aciduria|D2L2AD|L-2-HGA|L2HGA|L-2-Hydroxyglutaric Acidemia|L-2-hydroxyglutaric aciduria	
MESH:C535307	2-Methylacetoacetyl CoA thiolase deficiency		
MESH:C535312	3-Hydroxyisobutyric aciduria		
MESH:C535322	5-oxoprolinase deficiency	5-alpha-oxoprolinase deficiency|5-OXOPROLINURIA DUE TO 5-OXOPROLINASE DEFICIENCY|OPLAHD|Oxoprolinuria due to 5-oxoprolinase deficiency|Oxoprolinuria Due To Oxoprolinase Deficiency	
MESH:C535328	Homocarnosinosis	Carnosinase Deficiency|Carnosinemia|Homocarnosinase deficiency	
MESH:C535407	Gamma aminobutyric acid transaminase deficiency	4 alpha aminobutyrate transaminase deficiency|GABATD|Gaba-Transaminase Deficiency|GABA transaminase deficiency|Gamma aminobutyrate transaminase deficiency	
MESH:C535434	Beta ketothiolase deficiency	2-Alpha-Methyl-3-Hydroxybutyricacidemia|2-methyl-3-hydroxybutyricacidemia|2-Methyl-3-Hydroxybutyric Acidemia|3-Alpha-Ketothiolase Deficiency|3-Alpha-Ktd Deficiency|3-Alpha-Oxothiolase Deficiency|3-ketothiolase deficiency|3-KTD DEFICIENCY|3-Methylhydroxybutyric Acidemia|3-oxothiolase deficiency|Alpha-methylacetoaceticaciduria|Alpha-Methylacetoacetic Aciduria|Beta-Ketothiolase Deficiency|B-Ketothiolase Deficiency|MAT DEFICIENCY|Mitochondrial 2-Methylacetoacetyl-Coa Thiolase Deficiency - Potassium Stimulated|Mitochondrial Acetoacetyl-CoA Thiolase deficiency|T2 Deficiency	
MESH:C535436	Bethlem myopathy	Benign Congenital Muscular Dystrophy|Benign Congenital Myopathy with Contractures|BETHLEM MYOPATHY|BETHLEM MYOPATHY 1|BETHLEM MYOPATHY 1A|BETHLEM MYOPATHY 2|BTHLM1|BTHLM1A|BTHLM2|EDS, MYOPATHIC TYPE|EDSMYP|EHLERS-DANLOS SYNDROME, MYOPATHIC TYPE|Muscular dystrophy, benign congenital|Myopathy, benign congenital, with contractures	
MESH:C535516	Hereditary leiomyomatosis and renal cell cancer	Cutaneous leiomyomata with uterine leiomyomata|HLRCC|Leiomyoma, hereditary multiple, of skin|Leiomyoma, multiple cutaneous|Leiomyomatosis and renal cell cancer, hereditary|LRCC|MCL|MCUL1|Multiple cutaneous and uterine leiomyomata 1|MULTIPLE CUTANEOUS AND UTERINE LEIOMYOMATA 1, WITH OR WITHOUT RENAL CELL CARCINOMA|Multiple cutaneous and uterine leiomyomatosis|Reed's syndrome	
MESH:C535541	Isobutyryl-CoA dehydrogenase deficiency	ACAD8 DEFICIENCY|Acyl-CoA dehydrogenase family, member 8, deficiency of|IBDD|IBD DEFICIENCY|Isobutyryl-Coenzyme A Dehydrogenase Deficiency	
MESH:C535598	Creatine deficiency, X-linked	CCDS1|Cerebral creatine deficiency syndrome 1|Creatine Deficiency Syndrome, X-Linked|Creatine Transporter Defect|Creatine Transporter Deficiency|Mental retardation, X-linked, with creatine transport deficiency|Mental Retardation, X-Linked, with Seizures, Short Stature, and Midface Hypoplasia|Slc6a8 Deficiency|Slc6a8-Related Creatine Transporter Deficiency|X-Linked Creatine Deficiency|X-linked creatine deficiency syndrome|X-linked creatine transporter deficiency	
MESH:C535650	Gastro-enteropancreatic neuroendocrine tumor	Gastroenteropancreatic neuroendocrine tumor|GEP neuroendocrine tumor	
MESH:C535674	Richards-Rundle syndrome	Ataxia-deafness-retardation syndrome with ketoaciduria|Familial ataxia-hypogonadism syndrome|Ketoaciduria-mental deficiency syndrome|Ketoaciduria With Mental Deficiency And Other Features	
MESH:C535683	Rigid spine syndrome	CMYO3|CONGENITAL MYOPATHY 3 WITH RIGID SPINE|Desmin-related myopathies with Mallory bodies|Desmin-Related Myopathy With Mallory Bodies|DESMIN-RELATED MYOPATHY WITH MALLORY BODIES, FORMERLY|MDRS1|Minicore myopathy, severe classic form|MINICORE MYOPATHY, SEVERE CLASSIC FORM, FORMERLY|Multicore myopathy, severe classic form|MULTICORE MYOPATHY, SEVERE CLASSIC FORM, FORMERLY|Multiminicore disease, severe classic form|MULTIMINICORE DISEASE, SEVERE CLASSIC FORM, FORMERLY|Muscular Dystrophy, Congenital, Eichsfeld Type|MUSCULAR DYSTROPHY, CONGENITAL, EICHSFELD TYPE, FORMERLY|Muscular dystrophy, congenital, merosin positive with early spine rigidity|Muscular Dystrophy, Congenital, Merosin-Positive, With Early Spine Rigidity|Myopathy, Sepn1-Related|Rigid spine muscular dystrophy-1|Rigid Spine Muscular Dystrophy 1|RIGID SPINE SYNDROME|RSMD1|RSS	
MESH:C535737	Ethylmalonic encephalopathy	EE|Encephalopathy, ethylmalonic|Encephalopathy, Petechiae, and Ethylmalonic Aciduria|Epema Syndrome|Syndrome of encephalopathy, petechiae, and ethylmalonic aciduria	
MESH:C535773	Mental retardation, X-linked, syndromic 5	Dandy-Walker malformation with mental retardation, basal ganglia disease, and seizures|MENTAL RETARDATION, X-LINKED 59|MENTAL RETARDATION, X-LINKED, SYNDROMIC 21|MENTAL RETARDATION, X-LINKED, SYNDROMIC 5|MENTAL RETARDATION, X-LINKED, SYNDROMIC, FRIED TYPE|Mental retardation, X-linked, with Dandy-Walker malformation, basal ganglia disease, and seizures|MRX59|MRXS21|MRXS5|MRXSF|Pettigrew syndrome|PGS	
MESH:C535803	succinic semialdehyde dehydrogenase deficiency	4-hydroxybutyric aciduria|4-Hydroxybutyricaciduria|GABA METABOLIC DEFECT|Gamma-Hydroxybutyric Acidemia|Gamma-Hydroxybutyric Aciduria|SSADHD|SSADH Deficiency	
MESH:C535811	Molybdenum cofactor deficiency	MOCODA|MOLYBDENUM COFACTOR DEFICIENCY, COMPLEMENTATION GROUP A|MOLYBDENUM COFACTOR DEFICIENCY, TYPE A|SULFITE OXIDASE, XANTHINE DEHYDROGENASE, AND ALDEHYDE OXIDASE, COMBINED DEFICIENCY OF	
MESH:C535860	Hemangioma, capillary infantile	HCI|Hemangioma, hereditary capillary	
MESH:C536081	Hydroxykynureninuria	Kynureninase deficiency|KYNURENINASE DEFICIENCY, PARTIAL|Xanthurenic aciduria	
MESH:C536093	Myelocytic leukemia-like syndrome, familial, chronic	Cml-Like Syndrome, Familial	
MESH:C536169	Diaphyseal medullary stenosis with malignant fibrous histiocytoma	BDMF|Bone dysplasia with malignant fibrous histiocytoma|Bone dysplasia with medullary fibrosarcoma|DMSMFH|MYOPATHY, LIMB-GIRDLE, WITH BONE FRAGILITY	
MESH:C536239	Blue diaper syndrome	Hypercalcemia, familial, with nephrocalcinosis and indicanuria	
MESH:C536243	Non-lissencephalic cortical dysplasia		
MESH:C536275	Fahr's disease	Adult-onset idiopathic nonarteriosclerotic cerebral calcification|Basal Ganglia Calcification, Idiopathic, 1|BASAL GANGLIA CALCIFICATION, IDIOPATHIC, 2, FORMERLY|BASAL GANGLIA CALCIFICATION, IDIOPATHIC, 3, FORMERLY|Bilateral Striopallidodentate Calcinosis|BSPDC|BSPDC Bilateral striopallidodentate calcinosis|Cerebral Calcification, Nonarteriosclerotic, Idiopathic, Adult-Onset|Cerebrovascular ferrocalcinosis|FAHR DISEASE, FAMILIAL, FORMERLY|Fahr's syndrome|Familial idiopathic basal ganglia calcification|Ferrocalcinosis, Cerebrovascular|Fibgc|IBGC|IBGC1|IBGC2, FORMERLY|IBGC3, FORMERLY|Idiopathic basal ganglia calcification 1|PFBC|PRIMARY FAMILIAL BRAIN CALCIFICATION|Striopallidodentate Calcinosis|Striopallidodentate calcinosis, autosomal dominant, adult onset|Striopallidodentate Calcinosis, Autosomal Dominant, Adult-Onset|Striopallidodentate Calcinosis, Bilateral	
MESH:C536276	Idiopathic basal ganglia calcification, childhood onset	Basal Ganglia Calcification, Idiopathic, Childhood-Onset|Bilateral striopallidodentate calcinosis, childhood onset|Cerebral calcification, nonarteriosclerotic, childhood onset, idiopathic|Cerebral Calcification, Nonarteriosclerotic, Idiopathic, Childhood-Onset|IBGC, childhood onset|Striopallidodentate Calcinosis, Bilateral, Childhood-Onset	
MESH:C536330	Polycystic liver disease	Isolated autosomal dominant polycystic liver disease|Isolated polycystic liver disease|PCLD1|PCLD2|POLYCYSTIC LIVER DISEASE 1 WITH OR WITHOUT KIDNEY CYSTS|POLYCYSTIC LIVER DISEASE 2 WITH OR WITHOUT KIDNEY CYSTS	
MESH:C536407	Neuhauser Eichner Opitz syndrome	Encephalopathy, recurrent, of childhood	
MESH:C536430	COACH syndrome	Cerebellar vermis hypo-aplasia, Oligophrenia, Ataxia congenital, Coloboma, and Hepatic fibrosis|Cerebellar Vermis Hypo-Aplasia, Oligophrenia, Congenital Ataxia, Ocular Coloboma, And Hepatic Fibrosis|CEREBELLAR VERMIS HYPO/APLASIA, OLIGOPHRENIA, CONGENITAL ATAXIA, OCULAR COLOBOMA, AND HEPATIC FIBROSIS|COACH1|COACH SYNDROME|COACH SYNDROME 1|JOUBERT SYNDROME WITH CONGENITAL HEPATIC FIBROSIS	
MESH:C536479	Urocanase deficiency	UROCD	
MESH:C536524	Valinemia	Hypervalinemia|Valine transaminase deficiency	
MESH:C536582	Alpha-ketoglutarate dehydrogenase deficiency	2 alpha ketoglutarate dehydrogenase deficiency|2-Ketoglutarate Dehydrogenase Deficiency|ALPHA-KETOGLUTARATE DEHYDROGENASE DEFICIENCY|ALPHA-KGD DEFICIENCY|OGDHD|OXOGLUTARATE DEHYDROGENASE DEFICIENCY|Oxoglutaricaciduria|Oxoglutaric Aciduria	
MESH:C536611	Familial cylindromatosis	Ancell-Spiegler cylindromas|Brooke-Fordyce Trichoepitheliomas|Brooke-Spiegler syndrome|BRSS|BSS|Cylindromas, Dermal Eccrine|Cylindromatosis, familial|Dermal Eccrine Cylindroma|EAC|Epithelioma adenoides cysticum of Brooke|Epithelioma, hereditary multiple benign cystic|Familial Trichoepithelioma|Hereditary Multiple Benign Cystic Epithelioma|MFT1|Multiple Familial Trichoepithelioma|SBS|Spiegler-Brooke syndrome|Trichoepithelioma multiple familial|Trichoepithelioma, Multiple Familial, 1|Turban tumors|Turban tumor syndrome|'TURBAN TUMOR' SYNDROME	
MESH:C536654	Phosphoenolpyruvate carboxykinase deficiency	PCK1 DEFICIENCY, CYTOSOLIC|PCKDC|PEPCK DEFICIENCY, CYTOSOLIC|Phosphoenolpyruvate carboxykinase-1 (PCK1) deficiency|Phosphoenolpyruvate Carboxykinase Deficiency, Cytosolic|Phosphoenolpyruvate carboxylase deficiency|Phosphopyruvate carboxylase deficiency	
MESH:C536742	Woodhouse Sakati syndrome	Extrapyramidal Disorder, Progressive, With Primary Hypogonadism, Mental Retardation, and Alopecia|Hypogonadism, Alopecia, Diabetes Mellitus, Mental Retardation, and Extrapyramidal Syndrome|HYPOGONADISM, ALOPECIA, DIABETES MELLITUS, MENTAL RETARDATION, DEAFNESS, AND EXTRAPYRAMIDAL SYNDROME|WDSKS|Woodhouse-Sakati Syndrome|WSS	
MESH:C536832	Glutamine deficiency, congenital	GLND|Glutamine synthase deficiency, congenital systemic|Glutamine synthetase deficiency, congenital systemic	
MESH:C536833	Glutaric Acidemia I	GA1|GA I|Glutaric acidemia 1|Glutaric Acidemia Type 1|Glutaric Acidemia Type I|Glutaric aciduria 1|Glutaric Aciduria I|Glutaryl-CoA dehydrogenase deficiency	
MESH:C536835	Glutathione synthetase deficiency	5-oxoprolinemia|5-oxoprolinuria|5-OXOPROLINURIA DUE TO GLUTATHIONE SYNTHETASE DEFICIENCY|Deficiency of Glutathione Synthase|Deficiency of Glutathione Synthetase|Glutathione Synthetase Deficiency of Erythrocytes, Hemolytic Anemia due to|GSSD|Pyroglutamic Acidemia|Pyroglutamic aciduria	
MESH:C536836	Glutathionuria	Gamma-glutamyltransferase deficiency|Gamma-glutamyltranspeptidase deficiency|GGT DEFICIENCY|GTG DEFICIENCY	
MESH:C536841	Familial encephalopathy with neuroserpin inclusion bodies	Encephalopathy, familial, with Collins bodies|Encephalopathy, Familial, With Neuroserpin Inclusion Bodies|Familial Dementia with Neuroserpin Inclusion Bodies|FENIB|FENIB familiar encephalopathy with neuroserpin inclusion bodies	
MESH:C536921	Tiglic acidemia	Disorder of isoleucine metabolism	
MESH:C536928	Turcot syndrome	Brain Tumor-Polyposis Syndrome 1|BTP1 SYNDROME|BTPS1|CHILDHOOD CANCER SYNDROME|CMMRDS|CNS tumors with Familial polyposis of the colon|CONSTITUTIONAL MISMATCH REPAIR DEFICIENCY SYNDROME|Mismatch Repair Cancer Syndrome|mismatch repair cancer syndrome 1|mismatch repair cancer syndrome 2|mismatch repair cancer syndrome 3|mismatch repair cancer syndrome 4|Mismatch Repair Deficiency|MMRCS1|MMRCS2|MMRCS3|MMRCS4|MMR Deficiency|TURCOT SYNDROME	
MESH:C536955	Telfer Sugar Jaeger syndrome	Piebald trait neurologic defects|White forelock and leukoderma with neurological impairment	
MESH:C537053	Alopecia hypogonadism extrapyramidal disorder	Progressive extrapyramidal disorder with primary hypogonadism and alopecia	
MESH:C537179	Parkinsonism, early onset with mental retardation	Basal ganglia disorder with mental retardation|Basal Ganglion Disorder With Mental Retardation|BGMR|Laxova Brown Hogan syndrome|Parkinsonism, Early-Onset, With Mental Retardation|Waisman syndrome|WSMN|WSN|X-linked recessive basal ganglia disorder with mental retardation	
MESH:C537236	Sarcosinemia	Hypersarcosinemia|SARCOS|Sarcosin dehydrogenase complex, deficiency of|SARCOSINE DEHYDROGENASE COMPLEX DEFICIENCY|Sarcosine Dehydrogenase Complex, Deficiency Of|SARD Deficiency|SARDHD|SARDH Deficiency	
MESH:C537336	Silengo Lerone Pelizza syndrome		
MESH:C537358	Methylmalonic acidemia	Acidemia, methylmalonic|Isolated Methylmalonic Acidemia|Methylmalonic Aciduria	
MESH:C537360	Methylmalonic aciduria cblA type	MACA|Methylmalonic acidemia cblA type|Methylmalonic Acidemia, cblA Type|Methylmalonic Aciduria, cblA Type|METHYLMALONIC ACIDURIA, VITAMIN B12-RESPONSIVE, DUE TO DEFECT IN SYNTHESIS OF ADENOSYLCOBALAMIN, cblA TYPE	
MESH:C537361	Methylmalonic aciduria cblB type	MACB|Methylmalonic acidemia cblB type|Methylmalonic Acidemia, cblB Type|Methylmalonic Aciduria, cblB Type|METHYLMALONIC ACIDURIA, VITAMIN B12-RESPONSIVE, DUE TO DEFECT IN SYNTHESIS OF ADENOSYLCOBALAMIN, cblB TYPE	
MESH:C537384	Muscular dystrophy congenital, merosin negative	MDC1A|Merosin-deficient congenital muscular dystrophy|Merosin-negative congenital muscular dystrophy|Muscular Dystrophy, Congenital Merosin-Deficient|Muscular dystrophy, congenital, merosin-deficient 1A|Muscular Dystrophy, Congenital Merosin-Deficient, 1A|MUSCULAR DYSTROPHY, CONGENITAL MEROSIN-DEFICIENT MUSCULAR DYSTROPHY, CONGENITAL, DUE TO PARTIAL LAMA2 DEFICIENCY, INCLUDED	
MESH:C537385	Muscular dystrophy, congenital, infantile with cataract and hypogonadism	Familial congenital muscular dystrophy with gonadal dysgenesis|Muscular Dystrophy, Congenital, with Infantile Cataract and Hypogonadism	
MESH:C537426	Arakawa syndrome 2	Arakawa's syndrome 2|Methionine synthase deficiency|N5-methylhomocysteine transferase deficiency|Tetrahydrofolate-methyltransferase deficiency syndrome	
MESH:C537437	Aromatic amino acid decarboxylase deficiency	AADCD|AADC DEFICIENCY|AADC deficiency Aromatic L-amino acid decarboxylase deficiency|Aromatic L-amino acid decarboxylase deficiency|DDC deficiency|Dopa decarboxylase deficiency	
MESH:C537443	Meningioma, familial	Familial meningioma|MENINGIOMA, FAMILIAL, SUSCEPTIBILITY TO	
MESH:C537462	Microphthalmia and mental deficiency	Colobomatous microphthalmia|Microphthalmia, colobomatous|Microphthalmos, severe mental retardation, and spastic cerebral palsy|Pinsky DiGeorge Harley syndrome	
MESH:C537521	Scleroatonic muscular dystrophy	Late onset scleroatonic familial myopathy|Muscular Dystrophy, Scleroatonic|UCMD|UCMD1A|UCMD2|Ullrich congenital muscular dystrophy|Ullrich congenital muscular dystrophy 1|ULLRICH CONGENITAL MUSCULAR DYSTROPHY 1A|ULLRICH CONGENITAL MUSCULAR DYSTROPHY 2|Ullrich disease|Ullrich scleroatonic muscular dystrophy|ULLRICH SCLEROATONIC MUSCULAR DYSTROPHY ULLRICH CONGENITAL MUSCULAR DYSTROPHY 1A/1B, DIGENIC, INCLUDED;UCMD1A/1B, DIGENIC, INCLUDED	
MESH:C537622	Guanidinoacetate methyltransferase deficiency	CCDS2|CEREBRAL CREATINE DEFICIENCY SYNDROME 2|Creatine Deficiency Syndrome Due To Gamt Deficiency|GAMT Deficiency|GUANIDINOACETATE METHYLTRANSFERASE DEFICIENCY	
MESH:C537657	Basal ganglia calcification, idiopathic 2	Basal Ganglia Calcification, Idiopathic, 2	
MESH:C537658	Basal ganglia disease, biotin-responsive	BASAL GANGLIA DISEASE, BIOTIN-RESPONSIVE|BASAL GANGLIA DISEASE, BIOTIN-THIAMINE RESPONSIVE|BBGD|Biotin-responsive basal ganglia disease|BTBGD|ENCEPHALOPATHY, THIAMINE-RESPONSIVE|THIAMINE METABOLISM DYSFUNCTION SYNDROME 2 (BIOTIN- AND THIAMINE-RESPONSIVE TYPE)|THMD2	
MESH:C537661	Bassoe syndrome		
MESH:C537702	Juvenile polyposis syndrome	Bmpr1a-Related Juvenile Polyposis|JIP|JPS|Juvenile intestinal polyposis|Juvenile Polyposis Coli|JUVENILE POLYPOSIS COLI, INCLUDED|Juvenile Polyposis, Infantile|Juvenile Polyposis Of Infancy|Juvenile Polyposis Of Stomach|PJI|Polyposis, familial, of entire gastrointestinal tract|POLYPOSIS, FAMILIAL, OF ENTIRE GASTROINTESTINAL TRACT JUVENILE POLYPOSIS OF STOMACH, INCLUDED|Polyposis, juvenile intestinal|Smad4-Related Juvenile Polyposis	
MESH:C537851	Novak syndrome	Cleft larynx, posterior|Laryngotracheoesophageal cleft pulmonary hypoplasia	
MESH:C537932	Filaminopathy, autosomal dominant	Filamin C-related myofibrillar myopathy|FILAMINOPATHY, AUTOSOMAL DOMINANT|MFM5|Mfm, Filamin C-Related|Myofibrillar myopathy, filamin C-related|MYOPATHY, MYOFIBRILLAR, 5|Myopathy, Myofibrillar, Filamin C-Related	
MESH:C537972	Camptodactyly taurinuria	Camptodactyly with Taurinuria	
MESH:C538141	Sulfite oxidase deficiency	ISOD|SULFITE OXIDASE DEFICIENCY, ISOLATED|Sulfocysteinuria	
MESH:C538167	Acidemia, isovaleric	Isovaleric acid CoA dehydrogenase deficiency|Isovaleric Acid-CoA Dehydrogenase Deficiency|Isovaleric acidemia|Isovaleryl CoA carboxylase deficiency|Isovaleryl-CoA Dehydrogenase Deficiency|IVA|IVD DEFICIENCY	
MESH:C538224	Adams Nance syndrome	Tachycardia hypertension microphthalmos hyperglycinuria	
MESH:C538246	Aminoacylase 1 deficiency	ACY1D|Deficiency of the aminoacylase-1 enzyme	
MESH:C538259	Congenital atransferrinemia	Atransferrinemia|Familial hypotransferrinemia|Hypotransferrinemia, Familial|HYPOTRANSFERRINEMIA, FAMILIAL TRANSFERRIN SERUM LEVEL QUANTITATIVE TRAIT LOCUS 1, INCLUDED|TFQTL1, INCLUDED	
MESH:C538320	Histidinemia	Deficiency in Histidase|HAL Deficiency|HIS DEFICIENCY|Histidase deficiency|Histidine ammonia-lyase deficiency|Hyperhistidinemia	
MESH:C538324	3-Hydroxy-3-Methylglutaryl-CoA Lyase Deficiency	3-Hydroxy-3-Methylglutaric Aciduria|3-Hydroxy 3-Methyl Glutaric Aciduria|3-Hydroxy-3-Methylglutaryl-Coenzyme A Lyase Deficiency|3-Hydroxyl 3-Methyl Glutaric Aciduria|Deficiency of Hydroxymethylglutaryl-CoA Lyase|HL DEFICIENCY|HMGCLD|HMGCL DEFICIENCY|HMG CoA Lyase Deficiency|HMG-CoA Lyase Deficiency|Hydroxymethylglutaric Aciduria	
MESH:C538344	Navajo neurohepatopathy	Mitochondrial Dna Depletion Syndrome 6|MITOCHONDRIAL DNA DEPLETION SYNDROME 6 (HEPATOCEREBRAL TYPE)|MPV17-Associated Hepatocerebral MDS|MPV17-Related Hepatocerebral Mitochondrial DNA Depletion Syndrome|MTDPS6|Navajo Familial Neurogenic Arthropathy|NAVAJO NEUROHEPATOPATHY|Navajo neuropathy|NAVAJO NEUROPATHY;NN NAVAJO FAMILIAL NEUROGENIC ARTHROPATHY, INCLUDED|NNH	
MESH:C538385	Hyperprolinemia type 2	1 alpha pyrroline-5-carboxylate dehydrogenase deficiency|1-Pyrroline-5-Carboxylate Dehydrogenase Deficiency|HPII|Hyperprolinemia, Type II|HYRPRO2|Pyrroline-5-Carboxylate Dehydrogenase Deficiency|Pyrroline Carboxylate Dehydrogenase Deficiency|Type 2 hyperprolinemia	
MESH:C562377	Glutamate Monosodium Sensitivity	Chinese Restaurant Syndrome	
MESH:C562464	Polyposis, Gastric		
MESH:C562658	Tryptophanuria With Dwarfism		
MESH:C562659	Tyrosinosis		
MESH:C562669	Hydroxyprolinemia	4-Hydroxy-L-Proline Oxidase Deficiency	
MESH:C562670	Glucoglycinuria		
MESH:C562674	Hyperleucine-Isoleucinemia		
MESH:C562680	Cystathionase Deficiency		
MESH:C562682	Methionine Malabsorption Syndrome	Oasthouse Urine Disease|Smith-Strang Disease	
MESH:C562687	Lysinuric Protein Intolerance	Dibasic Amino Aciduria II|Hyperdibasic Aminoaciduria|LPI|LPI - Lysinuric Protein Intolerance	
MESH:C562803	Beta-Hydroxyisobutyryl CoA Deacylase Deficiency	3-Hydroxyisobutyryl-CoA Hydrolase Deficiency|BETA-HYDROXYISOBUTYRYL CoA DEACYLASE DEFICIENCY|HIBCHD|HIBCH Deficiency|Methacrylic Acid Toxicity|Methacrylic Aciduria|Valine Metabolic Defect	
MESH:C562818	Glutaric Aciduria III	GA3|GA III|Glutaryl-CoA Oxidase Deficiency	
MESH:C562842	Carcinoid Tumors, Intestinal		
MESH:C562876	Carboxypeptidase N Deficiency	CPND	
MESH:C562925	Collagenoma, Familial Cutaneous		
MESH:C562935	Myopathy with Abnormal Lipid Metabolism	Lipid Storage Myopathy|LIPID STORAGE MYOPATHY DUE TO FLAVIN ADENINE DINUCLEOTIDE SYNTHETASE DEFICIENCY|LSMFLAD	
MESH:C563002	Opticocochleodentate Degeneration		
MESH:C563009	Glycinuria with or without Oxalate Urolithiasis	Glycinuria with or without Oxalate Nephrolithiasis|Iminoglycinuria Type II	
MESH:C563080	Lysine Malabsorption Syndrome		
MESH:C563085	Mercaptolactate-Cysteine Disulfiduria	Disulfiduria, Mixed	
MESH:C563210	Beta-Ureidopropionase Deficiency	UPB1D	
MESH:C563215	Genochondromatosis		
MESH:C563247	Muscular Dystrophy, Cardiac Type		
MESH:C563319	Myopathy, Myofibrillar, Desmin-Related	Desminopathy, Primary|Desmin-Related Myopathy|Mfm, Desmin-Related Myofibrillar Myopathy, Desmin-Related|Myopathy, Desmin-Related	
MESH:C563378	Muscular Dystrophy, Congenital, with Severe Central Nervous System Atrophy and Absence of Large Myelinated Fibers		
MESH:C563412	Juvenile Polyposis with Hereditary Hemorrhagic Telangiectasia	JPHHT Syndrome|JP/HHT SYNDROME|JPHT|JPS/HHT|JPSHHT|Juvenile Polyposis Hereditary Hemorrhagic Telangiectasia Syndrome|JUVENILE POLYPOSIS/HEREDITARY HEMORRHAGIC TELANGIECTASIA SYNDROME|JUVENILE POLYPOSIS WITH HEREDITARY HEMORRHAGIC TELANGIECTASIA|Polyposis, Generalized Juvenile, with Pulmonary Arteriovenous Malformation|Telangiectasia, Hereditary Hemorrhagic, with Juvenile Polyposis Coli	
MESH:C563462	Carnitine Palmitoyltransferase II Deficiency, Infantile	Carnitine Palmitoyltransferase II Deficiency, Hepatocardiomuscular|Carnitine Palmitoyltransferase II Deficiency with Hypoketotic Hypoglycemia|CPT2 Deficiency, Infantile|CPT II Deficiency, Hepatic	
MESH:C563467	Hypertryptophanemia, Familial	Hypertryptophanemia	
MESH:C563508	Oculopharyngodistal Myopathy		
MESH:C563535	Myotonic Myopathy with Cylindrical Spirals		
MESH:C563554	Muscular Dystrophy, Pseudohypertrophic, With Internalized Capillaries		
MESH:C563558	Muscular Dystrophy, Barnes Type		
MESH:C563716	Muscular Dystrophy, Congenital, Merosin-Positive		
MESH:C563718	Myopathy, Myofibrillar, Zasp-Related	MFM, Zasp-related	
MESH:C563789	Peripheral Demyelinating Neuropathy, Central Dysmyelination, Waardenburg Syndrome, and Hirschsprung Disease	PCWH|Waardenburg-Shah Syndrome, Neurologic Variant	
MESH:C563844	Muscular Dystrophy, Congenital, Type 1D		
MESH:C563849	Alpha-B Crystallinopathy with Cataract	Desmin-Related Myopathy with Cataract	
MESH:C563898	Oligodontia-Colorectal Cancer Syndrome	ODCRCS|Tooth Agenesis-Colorectal Cancer Syndrome	
MESH:C563985	Melanoma-Pancreatic Cancer Syndrome	Familial Atypical Multiple Mole Melanoma-Pancreatic Carcinoma Syndrome|FAMMMPC|FAMMMPC Syndrome	
MESH:C564095	Muscular Dystrophy, Progressive Pectorodorsal	Muscular Dystrophy, Progressive, Involving Shoulder Girdle and Back	
MESH:C564096	Muscular Dystrophy, Mabry Type		
MESH:C564157	Hypertaurinuric Cardiomyopathy		
MESH:C564201	Hemangiomas of Small Intestine		
MESH:C564317	Muscular Dystrophy, Congenital, due to Partial LAMA2 Deficiency		
MESH:C564669	Lipodystrophy with Congenital Cataracts and Neurodegeneration		
MESH:C564678	Spongiform Encephalopathy with Neuropsychiatric Features		
MESH:C564683	Hypermethioninemia	Deficiency of Methionine Adenosyltransferase|Glycine N-Methyltransferase Deficiency|GNMT Deficiency|Hepatic Methionine Adenosyltransferase Deficiency|Hypermethioninemia, Isolated Persistent|Hypermethioninemia with Deficiency of S-Adenosylhomocysteine Hydrolase|HYPERMETHIONINEMIA WITH S-ADENOSYLHOMOCYSTEINE HYDROLASE DEFICIENCY|MAT DEFICIENCY|MAT I/III DEFICIENCY|Methionine Adenosyltransferase Deficiency|METHIONINE ADENOSYLTRANSFERASE I/III DEFICIENCY|Methioninemia|S-Adenosylhomocysteine Hydrolase Deficiency	
MESH:C564691	Muscular Dystrophy, Congenital, 1C		
MESH:C564708	Huntington Disease-Like 2	HDL2	
MESH:C564743	Methylmalonic Aciduria and Homocystinuria, CblD Type	Homocystinuria, CblD Type, Variant 1|MAHCD|Methylmalonic Acidemia and Homocystinuria, CblD Type|METHYLMALONIC ACIDEMIA, cblH TYPE, FORMERLY|Methylmalonic Aciduria, CblD Type, Variant 2|METHYLMALONIC ACIDURIA, cblH TYPE, FORMERLY	
MESH:C564747	Methylmalonic Aciduria and Homocystinuria, CblF Type	cblF|Cobalamin, Defect in Lysosomal Release of|Cobalamin F Disease|MAHCF|Methylmalonic Acidemia and Homocystinuria, CblF Type|Methylmalonic Aciduria due to Vitamin B12-Release Defect|Vitamin B12 Lysosomal Release Defect|Vitamin B12 Storage Disease	
MESH:C564762	Tricarboxylic Acid Cycle, Defect of		
MESH:C564839	Retinohepatoendocrinologic Syndrome		
MESH:C564894	Peripheral Neuropathy, Ataxia, Focal Necrotizing Encephalopathy, and Spongy Degeneration of Brain		
MESH:C564910	Pallidal Degeneration, Progressive, with Retinitis Pigmentosa		
MESH:C564946	Neuropathy, Hereditary Sensory, Atypical		
MESH:C564973	Myopathy due to Malate-Aspartate Shuttle Defect		
MESH:C564983	Muscular Dystrophy, Congenital, with Rapid Progression		
MESH:C564985	Muscular Dystrophy, Congenital, Producing Arthrogryposis		
MESH:C565272	Liver Fibrocystic Disease and Polydactyly		
MESH:C565278	Dimethylglycine Dehydrogenase Deficiency	DMGDHD|DMGDH Deficiency	
MESH:C565335	Paragangliomas 3	Carotid Body Tumors and Multiple Extraadrenal Pheochromocytomas|Glomus Tumors, Familial, 3|Paraganglioma, Familial Malignant|PARAGANGLIOMAS 3|Paragangliomas 4|Paragangliomas, Hereditary Extraadrenal|PGL3|Pheochromocytoma, Extraadrenal, and Cervical Paraganglioma|Pheochromocytoma, Familial Extraadrenal|PHEOCHROMOCYTOMA/PARAGANGLIOMA SYNDROME 3|PPGL3	
MESH:C565361	Muscular Dystrophy, Adult-Onset, with Leukoencephalopathy		
MESH:C565372	Molybdenum Cofactor Deficiency, Complementation Group A	Molybdenum Cofactor Deficiency Type A	
MESH:C565373	Molybdenum Cofactor Deficiency, Complementation Group B	MOCODB1|MOCODB, FORMERLY|MOLYBDENUM COFACTOR DEFICIENCY, COMPLEMENTATION GROUP B, FORMERLY|Molybdenum Cofactor Deficiency Type B|MOLYBDENUM COFACTOR DEFICIENCY, TYPE B1|MOLYBDENUM COFACTOR DEFICIENCY, TYPE B, FORMERLY	
MESH:C565374	Molybdenum Cofactor Deficiency, Complementation Group C	MOCODC|MOLYBDENUM COFACTOR DEFICIENCY, COMPLEMENTATION GROUP C|Molybdenum Cofactor Deficiency Type C|MOLYBDENUM COFACTOR DEFICIENCY, TYPE C	
MESH:C565386	Methylmalonyl-CoA Epimerase Deficiency	METHYLMALONIC ACIDURIA III, FORMERLY METHYLMALONYL-CoA EPIMERASE DEFICIENCY WITH SEPIAPTERIN REDUCTASE DEFICIENCY, INCLUDED|Methylmalonyl-CoA Racemase Deficiency	
MESH:C565387	Methylmalonyl-CoA Epimerase Deficiency with Sepiapterin Reductase Deficiency		
MESH:C565390	Methylmalonic Aciduria due to Methylmalonyl-CoA Mutase Deficiency	MAMM|Methylmalonic Acidemia due to Methylmalonyl-CoA Mutase Deficiency|Methylmalonic Aciduria, mut(0) Type|Methylmalonic Aciduria, mut(-) Type|Methylmalonic Aciduria, MUT Type|METHYLMALONIC ACIDURIA, mut(-) TYPE, INCLUDED|METHYLMALONIC ACIDURIA, mut TYPE METHYLMALONIC ACIDURIA, mut(0) TYPE, INCLUDED|MMA due to MCM Deficiency	
MESH:C565453	Ketoadipicaciduria		
MESH:C565466	Indolylacroyl Glycinuria with Mental Retardation		
MESH:C565471	Ichthyosis, Split Hairs, and Amino Aciduria		
MESH:C565485	Glycogen Storage Disease 0, Liver	GSD 0a|GSD0A|Hypoglycemia With Deficiency Of Glycogen Synthetase In The Liver|Liver Glycogen Storage Disease 0|Liver Glycogen Synthase Deficiency	
MESH:C565505	Muscular Dystrophy, Congenital, plus Mental Retardation		
MESH:C565506	Muscular Dystrophy, Congenital, associated with Calf Hypertrophy, Microcephaly, and Severe Mental Retardation		
MESH:C565540	GSD IV, Nonprogressive Hepatic		
MESH:C565630	Diaminopentanuria	Cystine-Lysinuria	
MESH:C565659	Cysteine Peptiduria		
MESH:C565660	Cyanosis and Hepatic Disease		
MESH:C565722	Encephalopathy, Spastic Tetraparesis, and Hypogonadism		
MESH:C565748	Muscular Dystrophy, Congenital, 1B	MDC1B	
MESH:C565846	Copper Toxicosis, Idiopathic		
MESH:C565863	Cerebrocortical Degeneration of Infancy		
MESH:C565904	Beta-Aminoisobutyric Acid, Urinary Excretion of	BAIB Urinary Excretion|Hyper-Beta-Aminoisobutyric Aciduria	
MESH:C565928	Atherosclerosis, Premature, with Deafness, Nephropathy, Diabetes Mellitus, Photomyoclonus, and Degenerative Neurologic Disease		
MESH:C565960	Amino Aciduria with Mental Deficiency, Dwarfism, Muscular Dystrophy, Osteoporosis, and Acidosis		
MESH:C565968	Alaninuria with Microcephaly, Dwarfism, Enamel Hypoplasia, and Diabetes Mellitus	Stimmler Syndrome	
MESH:C565988	hyperzincemia and hypercalprotectinemia	myeloid-related proteinemia inflammatory syndrome|PAMI syndrome|proline-serine-threonine phosphatase-interacting protein associated myeloid-related proteinemia inflammatory syndrome|PSTPIP1-associated myeloid-related proteinemia inflammatory syndrome	
MESH:C566179	Cancer, Familial, with In Vitro Radioresistance		
MESH:C566392	Muscular Dystrophy, Congenital, With Cerebellar Atrophy		
MESH:C566402	Methylmalonate Semialdehyde Dehydrogenase Deficiency	MMSDHD|MMSDH Deficiency	
MESH:C566487	2-Methylbutyryl-CoA Dehydrogenase Deficiency	2-ethylhydracylic aciduria|2-MBCD Deficiency|2-Methylbutyryl-Coenzyme A Dehydrogenase Deficiency|2-Methylbutyryl Glycinuria|Elevated urinary 2-ethylhydracylic acid|Elevated urinary 2-methylbutyrylglycine|SBCADD|Short-Branched-Chain Acyl-CoA Dehydrogenase Deficiency|SHORT/BRANCHED-CHAIN ACYL-CoA DEHYDROGENASE DEFICIENCY	
MESH:C566527	Muscular Dystrophy, Congenital, Megaconial Type	MDCMC|MUSCULAR DYSTROPHY, CONGENITAL, WITH MITOCHONDRIAL STRUCTURAL ABNORMALITIES	
MESH:C566595	Hyperzincemia with Functional Zinc Depletion		
MESH:C566617	Vacuolar Neuromyopathy	MRUPAV|Muscular Dystrophy, Autosomal Dominant, With Rimmed Vacuoles|MYOPATHY WITH RIMMED UBIQUITIN-POSITIVE AUTOPHAGIC VACUOLATION, AUTOSOMAL DOMINANT|VACUOLAR NEUROMYOPATHY	
MESH:C566646	Paragangliomas 2	Glomus Tumors, Familial, 2|PARAGANGLIOMAS 2|PGL2|PHEOCHROMOCYTOMA/PARAGANGLIOMA SYNDROME 2|PPGL2	
MESH:C566681	Spastic Paraplegia With Associated Extrapyramidal Signs		
MESH:C566695	Scapuloperoneal Syndrome, Neurogenic, Kaeser Type	Kaeser Syndrome|SCAPULOPERONEAL SYNDROME, NEUROGENIC TYPE, OF KAESER|SCPNK|Stark-Kaeser Syndrome	
MESH:C566757	Pronation-Supination Of The Forearm, Impairment Of		
MESH:C566817	Paroxysmal Tonic Upgaze, Benign Childhood, With Ataxia		
MESH:C566985	Microphthalmia, Syndromic 10	MCOPS10|Microphthalmia and Brain Atrophy	
MESH:C567006	Acyl-CoA Dehydrogenase Family, Member 9, Deficiency of	ACAD9 DEFICIENCY|ACYL-CoA DEHYDROGENASE 9 DEFICIENCY|MC1DN20|MITOCHONDRIAL COMPLEX I DEFICIENCY DUE TO ACAD9 DEFICIENCY|MITOCHONDRIAL COMPLEX I DEFICIENCY, NUCLEAR TYPE 20	
MESH:C567132	Dibasic Amino Aciduria I		
MESH:C567192	Arginine-Glycine Amidinotransferase Deficiency	AGAT Deficiency|Arginine:Glycine Amidinotransferase Deficiency|CCDS3|CEREBRAL CREATINE DEFICIENCY SYNDROME 3|Creatine Deficiency Syndrome due to AGAT Deficiency|GATM Deficiency|L-Arginine:Glycine Aminidotransferase Deficiency	
MESH:C567385	Chromosome 10q23 Deletion Syndrome		
MESH:C567510	Prostate Cancer, Hereditary, 12	Hpc12	
MESH:C567672	Bifid Nose With Or Without Anorectal And Renal Anomalies	BNAR	
MESH:C567708	Muscular Dystrophy, Congenital, Lmna-Related	Mdcl	
MESH:C567709	Muscular Dystrophy, Congenital, Due To Integrin Alpha-7 Deficiency	Myopathy, Congenital, Due To Integrin Alpha-7 Deficiency	
MESH:C580102	Fatty Acid Hydroxylase-Associated Neurodegeneration	Dysmyelinating Leukodystrophy and Spastic Paraparesis|Spastic Paraplegia 35	
MESH:C580174	Huntington Disease-Like Syndrome	Huntington Disease-Like Syndromes|Huntington's Disease-Like Syndromes|Huntington's Disease Phenocopies|Huntington's Disease Phenocopy Syndromes	
MESH:D000013	Congenital Abnormalities	Abnormalities, Congenital|Abnormality, Congenital|Anomaly, Fetal|Birth Defect|Birth Defects|Congenital Abnormality|Congenital Defect|Congenital Defects|Defect, Birth|Defect, Congenital|Defects, Congenital|Deformities|Deformity|Fetal Anomalies|Fetal Anomaly|Fetal Malformation|Fetal Malformations|Malformation, Fetal	Malformations of organs or body parts during development in utero.
MESH:D000081011	Hepatic Infarction	Hepatic Infarct|Hepatic Infarctions|Hepatic Infarcts|Infarct, Hepatic|Infarction, Hepatic|Infarction, Liver|Infarct, Liver|Liver Infarct|Liver Infarction|Liver Infarctions|Liver Infarcts	Formation of infarct resulting from obstruction of HEPATIC ARTERY and/or PORTAL VEIN most often after LIVER TRANSPLANTATION or hepatobiliary surgery.
MESH:D000094123	Low Anterior Resection Syndrome		Postoperative complication after removal of the RECTUM (low anterior resection surgery or resection surgery to the lower part of the COLON). It includes disordered rectum function, e.g., frequent BOWEL MOVEMENT; FECAL INCONTINENCE; and CONSTIPATION.
MESH:D000098858	Cronkhite-Canada Syndrome	Cronkhite Canada Syndrome|Cronkhite Canada Syndrome (CCS)|Cronkhite-Canada Syndrome (CCS)	A nonfamilial polyposis syndrome that is characterized by the presence of diffuse gastrointestinal polyposis, skin hyperpigmentation, ALOPECIA; DIARRHEA, and PROTEIN-LOSING ENTEROPATHY. It was first reported by Cronkhite and Canada in 1955.
MESH:D000326	Adrenoleukodystrophy	Addison Disease and Cerebral Sclerosis|Adrenoleukodystrophy, X-Linked|Adrenomyeloneuropathy|ALD|ALD (Adrenoleukodystrophy)|AMN, INCLUDED|Bronze Schilder Disease|Leukodystrophies, Melanodermic|Leukodystrophy, Melanodermic|Melanodermic Leukodystrophy|MELANODERMIC LEUKODYSTROPHY ADRENOMYELONEUROPATHY, INCLUDED|Schilder Addison Complex|Schilder-Addison Complex|Siemerling Creutzfeldt Disease|Siemerling-Creutzfeldt Disease|X ALD|X-ALD|X ALD (X Linked Adrenoleukodystrophy)|X-ALD (X-Linked Adrenoleukodystrophy)|X Linked Adrenoleukodystrophy|X-Linked Adrenoleukodystrophy	An X-linked recessive disorder characterized by the accumulation of saturated very long chain fatty acids in the LYSOSOMES of ADRENAL CORTEX and the white matter of CENTRAL NERVOUS SYSTEM. This disease occurs almost exclusively in the males. Clinical features include the childhood onset of ATAXIA; NEUROBEHAVIORAL MANIFESTATIONS; HYPERPIGMENTATION; ADRENAL INSUFFICIENCY; SEIZURES; MUSCLE SPASTICITY; and DEMENTIA. The slowly progressive adult form is called adrenomyeloneuropathy. The defective gene ABCD1 is located at Xq28, and encodes the adrenoleukodystrophy protein (ATP-BINDING CASSETTE TRANSPORTERS).
MESH:D000417	Albinism		General term for a number of inherited defects of amino acid metabolism in which there is a deficiency or absence of pigment in the eyes, skin, or hair.
MESH:D000474	Alkaptonuria	AKU|Alcaptonuria|Alcaptonurias|Homogentisic Acid Oxidase Deficiency|Homogentisic Acidura	An inborn error of amino acid metabolism resulting from a defect in the enzyme HOMOGENTISATE 1,2-DIOXYGENASE, an enzyme involved in the breakdown of PHENYLALANINE and TYROSINE. It is characterized by accumulation of HOMOGENTISIC ACID in the urine, OCHRONOSIS in various tissues, and ARTHRITIS.
MESH:D006527	Hepatolenticular Degeneration	Cerebral Pseudoscleroses|Cerebral Pseudosclerosis|Copper Storage Disease|Copper Storage Diseases|Degeneration, Hepatocerebral|Degeneration, Hepatolenticular|Degeneration, Neurohepatic|Degeneration, Progressive Lenticular|Degenerations, Hepatocerebral|Degenerations, Neurohepatic|Degeneration Syndrome, Hepatolenticular|Degeneration Syndromes, Hepatolenticular|Disease, Copper Storage|Diseases, Copper Storage|Diseases, Hepato-Neurologic Wilson|Diseases, Kinnier-Wilson|Hepatic Form of Wilson Disease|Hepatocerebral Degeneration|Hepatocerebral Degenerations|HEPATOLENTICULAR DEGENERATION|Hepatolenticular Degeneration Syndrome|Hepatolenticular Degeneration Syndromes|Hepato Neurologic Wilson Disease|Hepato-Neurologic Wilson Disease|Hepato-Neurologic Wilson Diseases|Kinnier Wilson Disease|Kinnier-Wilson Disease|Kinnier-Wilson Diseases|Lenticular Degeneration, Progressive|Neurohepatic Degeneration|Neurohepatic Degenerations|Progressive Lenticular Degeneration|Pseudoscleroses, Cerebral|Pseudosclerosis|Pseudosclerosis, Cerebral|Storage Disease, Copper|Storage Diseases, Copper|Syndrome, Hepatolenticular Degeneration|Syndromes, Hepatolenticular Degeneration|WD|Westphal Strumpell Syndrome|Westphal-Strumpell Syndrome|Westphal-Strumpell Syndromes|Wilson Disease|Wilson Disease, Hepatic Form|Wilson Disease, Hepato-Neurologic|Wilson Diseases, Hepato-Neurologic|Wilson's Disease|Wilsons Disease|WND	A rare autosomal recessive disease characterized by the deposition of copper in the BRAIN; LIVER; CORNEA; and other organs. It is caused by defects in the ATP7B gene encoding copper-transporting ATPase 2 (EC 3.6.3.4), also known as the Wilson disease protein. The overload of copper inevitably leads to progressive liver and neurological dysfunction such as LIVER CIRRHOSIS; TREMOR; ATAXIA and intellectual deterioration. Hepatic dysfunction may precede neurologic dysfunction by several years.
MESH:D008107	Liver Diseases	Disease, Liver|Diseases, Liver|Dysfunction, Liver|Dysfunctions, Liver|Liver Disease|Liver Dysfunction|Liver Dysfunctions	Pathological processes of the LIVER.
MESH:D009223	Myotonic Dystrophy	Atrophica, Myotonia|Atrophicas, Myotonia|Congenital Myotonic Dystrophies|Congenital Myotonic Dystrophy|Disease, Steinert|Disease, Steinert's|DM|DM1|DM2|Dystrophia Myotonica|Dystrophia Myotonica 1|Dystrophia Myotonica 2|Dystrophia Myotonica 2s|Dystrophia Myotonicas|Dystrophica, Myotonia|Dystrophicas, Myotonia|Dystrophies, Congenital Myotonic|Dystrophies, Myotonic|Dystrophy, Congenital Myotonic|Dystrophy, Myotonic|Dystrophy, Steinert Myotonic|Myopathies, Proximal Myotonic|Myopathy, Proximal Myotonic|Myotonia Atrophica|Myotonia Atrophicas|Myotonia Dystrophica|Myotonia Dystrophicas|Myotonica, Dystrophia|Myotonicas, Dystrophia|Myotonic Dystrophies|Myotonic Dystrophies, Congenital|Myotonic Dystrophy 1|Myotonic Dystrophy 2|Myotonic Dystrophy, Congenital|Myotonic Dystrophy, Steinert|Myotonic Myopathies, Proximal|Myotonic Myopathy, Proximal|PROMM|PROMM (Proximal Myotonic Myopathy)|PROMMs (Proximal Myotonic Myopathy)|Proximal Myotonic Myopathies|Proximal Myotonic Myopathy|Ricker Syndrome|Steinert Disease|Steinert Myotonic Dystrophy|Steinert's Disease|Steinerts Disease|Syndrome, Ricker	Neuromuscular disorder characterized by PROGRESSIVE MUSCULAR ATROPHY; MYOTONIA, and various multisystem atrophies. Mild INTELLECTUAL DISABILITY may also occur. Abnormal TRINUCLEOTIDE REPEAT EXPANSION in the 3' UNTRANSLATED REGIONS of DMPK PROTEIN gene is associated with Myotonic Dystrophy 1. DNA REPEAT EXPANSION of zinc finger protein-9 gene intron is associated with Myotonic Dystrophy 2.
MESH:D010661	Phenylketonurias	Atypical Phenylketonuria|Atypical PKU|BH4 Deficiency|Biopterin Deficiencies|Biopterin Deficiency|Classical Phenylketonuria|Deficiency, BH4|Deficiency, Biopterin|Deficiency, DHPR|Deficiency, Dihydropteridine Reductase|Deficiency Disease, Dihydropteridine Reductase|Deficiency Disease, Phenylalanine Hydroxylase|Deficiency Disease, Phenylalanine Hydroxylase, Severe|Deficiency, PAH|Deficiency, Phenylalanine Hydroxylase|Deficiency, QDPR|Deficiency, Tetrahydrobiopterin|DHPR Deficiency|Dihydropteridine Reductase Deficiency|Dihydropteridine Reductase Deficiency Disease|Disease, Folling|Disease, Folling's|Folling Disease|FOLLING DISEASE HYPERPHENYLALANINEMIA, NON-PKU MILD, INCLUDED|Folling's Disease|HPABH4C|HPA, NON-PKU MILD, INCLUDED|Hyperphenylalaninaemia|Hyperphenylalaninemia, BH4-Deficient, C|Hyperphenylalaninemia Caused by a Defect in Biopterin Metabolism|Hyperphenylalaninemia, Non Phenylketonuric|Hyperphenylalaninemia, Non-Phenylketonuric|Hyperphenylalaninemia, Tetrahydrobiopterin-Deficient, Due To DHPR Deficiency|Non Phenylketonuric Hyperphenylalaninemia|Non-Phenylketonuric Hyperphenylalaninemia|Non-Phenylketonuric Hyperphenylalaninemias|Oligophrenia Phenylpyruvica|PAH Deficiency|Phenylalanine Hydroxylase Deficiency|Phenylalanine Hydroxylase Deficiency Disease|Phenylalanine Hydroxylase Deficiency Disease, Severe|Phenylketonuria|Phenylketonuria, Atypical|Phenylketonuria, Classical|Phenylketonuria I|Phenylketonuria II|PHENYLKETONURIA, MATERNAL, INCLUDED|Phenylketonuria Type 2|PKU|PKU, Atypical|QDPR Deficiency|Quinoid Dihydropteridine Reductase Deficiency|Tetrahydrobiopterin Deficiency	A group of autosomal recessive disorders marked by a deficiency of the hepatic enzyme PHENYLALANINE HYDROXYLASE or less frequently by reduced activity of DIHYDROPTERIDINE REDUCTASE (i.e., atypical phenylketonuria). Classical phenylketonuria is caused by a severe deficiency of phenylalanine hydroxylase and presents in infancy with developmental delay; SEIZURES; skin HYPOPIGMENTATION; ECZEMA; and demyelination in the central nervous system. (From Adams et al., Principles of Neurology, 6th ed, p952).
MESH:D011125	Adenomatous Polyposis Coli	AAPC, INCLUDED|ADENOMA, PERIAMPULLARY, SOMATIC, INCLUDED|Adenomatous Intestinal Polyposes|Adenomatous Intestinal Polyposis|Adenomatous Polyposes, Familial|ADENOMATOUS POLYPOSIS COLI, ATTENUATED, INCLUDED|Adenomatous Polyposis Coli, Familial|Adenomatous Polyposis Colus|Adenomatous Polyposis, Familial|Adenomatous Polyposis of the Colon|AFAP, INCLUDED|APC|BRAIN TUMOR-POLYPOSIS SYNDROME 2, INCLUDED|BTPS2, INCLUDED|Coli, Adenomatous Polyposis|Coli, Familial Polyposis|Coli, Hereditary Polyposis|Coli, Polyposis|Colus, Adenomatous Polyposis|Colus, Familial Polyposis|Colus, Hereditary Polyposis|Colus, Polyposis|Familial Adenomatous Polyposes|Familial Adenomatous Polyposis|FAMILIAL ADENOMATOUS POLYPOSIS 1|FAMILIAL ADENOMATOUS POLYPOSIS 3|FAMILIAL ADENOMATOUS POLYPOSIS 4|FAMILIAL ADENOMATOUS POLYPOSIS, ATTENUATED, INCLUDED|Familial Adenomatous Polyposis Coli|Familial Adenomatous Polyposis of the Colon|Familial Intestinal Polyposes|Familial Intestinal Polyposis|Familial Multiple Polyposes|Familial Multiple Polyposi|Familial Multiple Polyposis|Familial Multiple Polyposis Syndrome|Familial Multiple Polyposus|Familial Polyposis Coli|Familial Polyposis Colus|Familial Polyposis of the Colon|Familial Polyposis Syndrome|Familial Polyposis Syndromes|FAP1|FAP3|FAP4|FPC|GS, INCLUDED|Hereditary Polyposis Coli|Hereditary Polyposis Colus|Intestinal Polyposes, Familial|Intestinal Polyposis, Adenomatous|Intestinal Polyposis, Familial|Multiple Polyposes, Familial|Multiple Polyposi, Familial|Multiple Polyposis, Familial|Multiple Polyposus, Familial|Myh-Associated Polyposes|Myh Associated Polyposis|Myh-Associated Polyposis|Polyposes, Familial Adenomatous|Polyposes, Familial Multiple|Polyposes, Myh-Associated|Polyposi, Familial Multiple|Polyposis, Adenomatous Intestinal|POLYPOSIS, ADENOMATOUS INTESTINAL GARDNER SYNDROME, INCLUDED|Polyposis Coli|Polyposis Coli, Adenomatous|Polyposis Coli, Familial|Polyposis Coli, Hereditary|Polyposis Colus|Polyposis Colus, Adenomatous|Polyposis Colus, Familial|Polyposis Colus, Hereditary|Polyposis, Familial Adenomatous|Polyposis, Familial Multiple|Polyposis, Myh-Associated|Polyposis Syndrome, Familial|Polyposus, Familial Multiple	A polyposis syndrome due to an autosomal dominant mutation of the APC genes (GENES, APC) on CHROMOSOME 5. The syndrome is characterized by the development of hundreds of ADENOMATOUS POLYPS in the COLON and RECTUM of affected individuals by early adulthood.
MESH:D015179	Colorectal Neoplasms	Cancer, Colorectal|Cancers, Colorectal|Carcinoma, Colorectal|Carcinomas, Colorectal|COLON CANCER|COLORECTAL ADENOMA AND CANCER, SUSCEPTIBILITY TO|Colorectal Cancer|Colorectal Cancers|COLORECTAL CANCER, SUSCEPTIBILITY TO, 1|COLORECTAL CANCER, SUSCEPTIBILITY TO, 10|COLORECTAL CANCER, SUSCEPTIBILITY TO, 11|COLORECTAL CANCER, SUSCEPTIBILITY TO, 12|COLORECTAL CANCER, SUSCEPTIBILITY TO, 2|COLORECTAL CANCER, SUSCEPTIBILITY TO, 3|COLORECTAL CANCER, SUSCEPTIBILITY TO, 5|COLORECTAL CANCER, SUSCEPTIBILITY TO, 6|COLORECTAL CANCER, SUSCEPTIBILITY TO, 7|COLORECTAL CANCER, SUSCEPTIBILITY TO, 8|COLORECTAL CANCER, SUSCEPTIBILITY TO, 9|COLORECTAL CANCER, SUSCEPTIBILITY TO, ON CHROMOSOME 10|COLORECTAL CANCER, SUSCEPTIBILITY TO, ON CHROMOSOME 11|COLORECTAL CANCER, SUSCEPTIBILITY TO, ON CHROMOSOME 12q24|COLORECTAL CANCER, SUSCEPTIBILITY TO, ON CHROMOSOME 14q|COLORECTAL CANCER, SUSCEPTIBILITY TO, ON CHROMOSOME 16q|COLORECTAL CANCER, SUSCEPTIBILITY TO, ON CHROMOSOME 18|COLORECTAL CANCER, SUSCEPTIBILITY TO, ON CHROMOSOME 19q|COLORECTAL CANCER, SUSCEPTIBILITY TO, ON CHROMOSOME 20p|COLORECTAL CANCER, SUSCEPTIBILITY TO, ON CHROMOSOME 8q23|COLORECTAL CANCER, SUSCEPTIBILITY TO, ON CHROMOSOME 8q24|COLORECTAL CANCER, SUSCEPTIBILITY TO, ON CHROMOSOME 9|Colorectal Carcinoma|Colorectal Carcinomas|Colorectal Neoplasm|Colorectal Tumor|Colorectal Tumors|CRC|CRCS1|CRCS10|CRCS11|CRCS12|CRCS2|CRCS3|CRCS5|CRCS6|CRCS7|CRCS8|CRCS9|Neoplasm, Colorectal|Neoplasms, Colorectal|Tumor, Colorectal|Tumors, Colorectal	Tumors or cancer of the COLON or the RECTUM or both. Risk factors for colorectal cancer include chronic ULCERATIVE COLITIS; FAMILIAL POLYPOSIS COLI; exposure to ASBESTOS; and irradiation of the CERVIX UTERI.
MESH:D030342	Genetic Diseases, Inborn	Defect, Single-Gene|Defects, Single-Gene|Disease, Genetic|Disease, Hereditary|Disease, Inborn Genetic|Diseases, Genetic|Diseases, Hereditary|Diseases, Inborn Genetic|Disorder, Genetic|Disorders, Genetic|Genetic Disease|Genetic Disease, Inborn|Genetic Diseases|Genetic Disorder|Genetic Disorders|Hereditary Disease|Hereditary Diseases|Inborn Genetic Disease|Inborn Genetic Diseases|Single-Gene Defect|Single Gene Defects|Single-Gene Defects	Diseases that are caused by genetic mutations present during embryo or fetal development, although they may be observed later in life. The mutations may be inherited from a parent's genome or they may be acquired in utero.
