item_id,cluster_id,outcome
cafeteria_fcd-T1,t:FOODON:03301889,singleton
cafeteria_fcd-T10,t:FOODON:00003582,singleton
cafeteria_fcd-T11,t:FOODON:03302916,assigned
cafeteria_fcd-T12,t:FOODON:03302916,assigned
cafeteria_fcd-T13,t:FOODON:03310387,singleton
cafeteria_fcd-T14,t:FOODON:00003855,singleton
cafeteria_fcd-T15,t:FOODON:03305428,singleton
cafeteria_fcd-T16,t:FOODON:03301826,singleton
cafeteria_fcd-T17,r:cafeteria_fcd-T17,needs_review
cafeteria_fcd-T18,t:FOODON:00003049,singleton
cafeteria_fcd-T19,t:FOODON:03411457,singleton
cafeteria_fcd-T2,t:FOODON:03301704,singleton
cafeteria_fcd-T20,t:FOODON:03311146,singleton
cafeteria_fcd-T21,t:FOODON:00002713,assigned
cafeteria_fcd-T22,t:FOODON:03305263,singleton
cafeteria_fcd-T23,s:cafeteria_fcd-T23,singleton
cafeteria_fcd-T24,t:FOODON:00001290,singleton
cafeteria_fcd-T25,t:FOODON:03302458,singleton
cafeteria_fcd-T26,t:FOODON:03301641,singleton
cafeteria_fcd-T27,t:FOODON:00002713,assigned
cafeteria_fcd-T28,t:FOODON:03301554,singleton
cafeteria_fcd-T29,t:FOODON:00003520,singleton
cafeteria_fcd-T3,t:FOODON:03305003,singleton
cafeteria_fcd-T30,t:FOODON:00003417,singleton
cafeteria_fcd-T31,t:FOODON:03302034,singleton
cafeteria_fcd-T32,t:FOODON:03420156,singleton
cafeteria_fcd-T33,t:FOODON:03301705,singleton
cafeteria_fcd-T34,t:FOODON:00001745,singleton
cafeteria_fcd-T35,t:FOODON:03301224,singleton
cafeteria_fcd-T36,r:cafeteria_fcd-T36,needs_review
cafeteria_fcd-T37,s:cafeteria_fcd-T37,singleton
cafeteria_fcd-T38,t:FOODON:00002328,singleton
cafeteria_fcd-T39,t:FOODON:03420157,singleton
cafeteria_fcd-T4,t:FOODON:00001013,singleton
cafeteria_fcd-T40,t:FOODON:03301175,singleton
cafeteria_fcd-T41,t:FOODON:00003523,singleton
cafeteria_fcd-T42,t:FOODON:00003016,singleton
cafeteria_fcd-T43,t:FOODON:00003494,singleton
cafeteria_fcd-T44,r:cafeteria_fcd-T44,needs_review
cafeteria_fcd-T45,t:FOODON:03306160,singleton
cafeteria_fcd-T46,t:FOODON:00001956,singleton
cafeteria_fcd-T47,t:FOODON:00003406,singleton
cafeteria_fcd-T48,t:FOODON:03306726,singleton
cafeteria_fcd-T49,t:FOODON:03310943,singleton
cafeteria_fcd-T5,t:FOODON:03303578,singleton
cafeteria_fcd-T50,t:FOODON:03301116,singleton
cafeteria_fcd-T6,r:cafeteria_fcd-T6,needs_review
cafeteria_fcd-T7,t:FOODON:03301440,singleton
cafeteria_fcd-T8,t:FOODON:03307668,singleton
cafeteria_fcd-T9,t:FOODON:00002340,singleton
